{
	"info": {
		"_postman_id": "15e501f7-e8cc-42ae-bf43-28418cf5f170",
		"name": "New Collection",
		"schema": "https://schema.getpostman.com/json/collection/v2.1.0/collection.json",
		"_exporter_id": "40087939"
	},
	"item": [
		{
			"name": "jwt",
			"item": [
				{
					"name": "http://localhost:6000/login",
					"event": [
						{
							"listen": "prerequest",
							"script": {
								"exec": [
									""
								],
								"type": "text/javascript",
								"packages": {}
							}
						},
						{
							"listen": "test",
							"script": {
								"exec": [
									"pm.test(\"Login saves token\", function () {\r",
									"    pm.response.to.have.status(200);\r",
									"    var jsonData = pm.response.json();\r",
									"    pm.expect(jsonData.token).to.be.a('string');\r",
									"    pm.environment.set(\"jwt_token\", jsonData.token);\r",
									"});"
								],
								"type": "text/javascript",
								"packages": {}
							}
						}
					],
					"request": {
						"auth": {
							"type": "noauth"
						},
						"method": "POST",
						"header": [],
						"body": {
							"mode": "raw",
							"raw": "{\r\n  \"username\": \"guadita\",\r\n  \"password\": \"1234\"\r\n}",
							"options": {
								"raw": {
									"language": "json"
								}
							}
						},
						"url": {
							"raw": "http://localhost:6000/login",
							"protocol": "http",
							"host": [
								"localhost"
							],
							"port": "6000",
							"path": [
								"login"
							]
						}
					},
					"response": []
				},
				{
					"name": "http://localhost:6000/sum",
					"protocolProfileBehavior": {
						"disableBodyPruning": true
					},
					"request": {
						"auth": {
							"type": "noauth"
						},
						"method": "GET",
						"header": [
							{
								"key": "Authorization",
								"value": "Bearer {{jwt_token}}",
								"type": "text"
							}
						],
						"body": {
							"mode": "raw",
							"raw": "",
							"options": {
								"raw": {
									"language": "json"
								}
							}
						},
						"url": {
							"raw": "http://localhost:6000/sum",
							"protocol": "http",
							"host": [
								"localhost"
							],
							"port": "6000",
							"path": [
								"sum"
							]
						}
					},
					"response": []
				},
				{
					"name": "http://localhost:6000/info",
					"request": {
						"auth": {
							"type": "noauth"
						},
						"method": "GET",
						"header": [
							{
								"key": "Authorization",
								"value": "Bearer {{jwt_token}}",
								"type": "text"
							}
						],
						"url": {
							"raw": "http://localhost:6000/info",
							"protocol": "http",
							"host": [
								"localhost"
							],
							"port": "6000",
							"path": [
								"info"
							]
						}
					},
					"response": []
				},
				{
					"name": "http://localhost:6001/health",
					"event": [
						{
							"listen": "test",
							"script": {
								"exec": [
									""
								],
								"type": "text/javascript",
								"packages": {}
							}
						}
					],
					"request": {
						"auth": {
							"type": "noauth"
						},
						"method": "GET",
						"header": [],
						"url": {
							"raw": "http://localhost:6001/health",
							"protocol": "http",
							"host": [
								"localhost"
							],
							"port": "6001",
							"path": [
								"health"
							]
						}
					},
					"response": []
				}
			]
		}
	]
}